{"count":1,"gauges":{},"self":3.700128,"total":4.0778419999999995,"children":{"AgentSendState":{"count":159,"self":0.301428,"total":0.357212,"children":{"CollectObservations":{"count":318,"self":0.012223999999999999,"total":0.012223999999999999,"children":null},"CollectDiscreteActionMasks":{"count":318,"self":0.012166,"total":0.012166,"children":null},"RayPerceptionSensor.Perceive":{"count":318,"self":0.031394,"total":0.031394,"children":null}}},"DecideAction":{"count":159,"self":0.001078,"total":0.001078,"children":null},"AgentAct":{"count":159,"self":0.015562,"total":0.015562,"children":null}}}