{"count":1,"gauges":{},"self":5.1424688,"total":5.248323,"children":{"AgentSendState":{"count":180,"self":0.055555,"total":0.087092,"children":{"CollectObservations":{"count":54,"self":0.009918999999999999,"total":0.009918999999999999,"children":null},"CollectDiscreteActionMasks":{"count":54,"self":0.0050599999999999994,"total":0.0050599999999999994,"children":null},"RayPerceptionSensor.Perceive":{"count":54,"self":0.016558,"total":0.016558,"children":null}}},"DecideAction":{"count":180,"self":0.00113,"total":0.00113,"children":null},"AgentAct":{"count":180,"self":0.015208999999999999,"total":0.015208999999999999,"children":null}}}