{"count":1,"gauges":{},"self":2.773837,"total":2.924525,"children":{"AgentSendState":{"count":103,"self":0.10077599999999999,"total":0.126771,"children":{"CollectObservations":{"count":106,"self":0.0064709999999999993,"total":0.0064709999999999993,"children":null},"CollectDiscreteActionMasks":{"count":106,"self":0.005502,"total":0.005502,"children":null},"RayPerceptionSensor.Perceive":{"count":106,"self":0.014022,"total":0.014022,"children":null}}},"DecideAction":{"count":103,"self":0.000824,"total":0.000824,"children":null},"AgentAct":{"count":103,"self":0.021428,"total":0.021428,"children":null}}}