{"count":1,"gauges":{},"self":2.9931449999999997,"total":3.146509,"children":{"AgentSendState":{"count":123,"self":0.10059399999999999,"total":0.128955,"children":{"CollectObservations":{"count":96,"self":0.006405,"total":0.006405,"children":null},"CollectDiscreteActionMasks":{"count":96,"self":0.0067129999999999993,"total":0.0067129999999999993,"children":null},"RayPerceptionSensor.Perceive":{"count":96,"self":0.015243,"total":0.015243,"children":null}}},"DecideAction":{"count":123,"self":0.00098899999999999986,"total":0.00098899999999999986,"children":null},"AgentAct":{"count":123,"self":0.021421,"total":0.021421,"children":null}}}