{"count":1,"gauges":{},"self":19.575660799999998,"total":19.617566999999998,"children":{"AgentSendState":{"count":901,"self":0.018220999999999998,"total":0.018220999999999998,"children":null},"DecideAction":{"count":901,"self":0.015705999999999998,"total":0.015705999999999998,"children":null},"AgentAct":{"count":901,"self":0.005325,"total":0.005325,"children":null}}}