{"count":1,"gauges":{},"self":1.8644429999999999,"total":2.114522,"children":{"AgentSendState":{"count":82,"self":0.056101,"total":0.07037,"children":{"CollectObservations":{"count":34,"self":0.0039689999999999994,"total":0.0039689999999999994,"children":null},"CollectDiscreteActionMasks":{"count":34,"self":0.002987,"total":0.002987,"children":null},"RayPerceptionSensor.Perceive":{"count":34,"self":0.007313,"total":0.007313,"children":null}}},"DecideAction":{"count":82,"self":0.00065699999999999992,"total":0.00065699999999999992,"children":null},"AgentAct":{"count":82,"self":0.17671699999999999,"total":0.17671699999999999,"children":null}}}