{"count":1,"gauges":{},"self":14.2388944,"total":275.49231199999997,"children":{"AgentSendState":{"count":52,"self":0.032673,"total":0.059501,"children":{"CollectObservations":{"count":22,"self":0.009876,"total":0.009876,"children":null},"CollectDiscreteActionMasks":{"count":22,"self":0.004369,"total":0.004369,"children":null},"RayPerceptionSensor.Perceive":{"count":22,"self":0.012582999999999999,"total":0.012582999999999999,"children":null}}},"DecideAction":{"count":52,"self":1.428334,"total":1.428334,"children":null},"AgentAct":{"count":52,"self":259.7625088,"total":259.762497,"children":null}}}