{"count":1,"gauges":{},"self":3.49716,"total":3.741684,"children":{"AgentSendState":{"count":150,"self":0.177441,"total":0.212694,"children":{"CollectObservations":{"count":192,"self":0.008518,"total":0.008518,"children":null},"CollectDiscreteActionMasks":{"count":192,"self":0.008111,"total":0.008111,"children":null},"RayPerceptionSensor.Perceive":{"count":192,"self":0.018623999999999998,"total":0.018623999999999998,"children":null}}},"DecideAction":{"count":150,"self":0.001212,"total":0.001212,"children":null},"AgentAct":{"count":150,"self":0.028620999999999997,"total":0.028620999999999997,"children":null}}}