{"count":1,"gauges":{},"self":2.5229559999999998,"total":2.8282209999999997,"children":{"AgentSendState":{"count":102,"self":0.24045,"total":0.283267,"children":{"CollectObservations":{"count":97,"self":0.008216,"total":0.008216,"children":null},"CollectDiscreteActionMasks":{"count":97,"self":0.0053149999999999994,"total":0.0053149999999999994,"children":null},"RayPerceptionSensor.Perceive":{"count":97,"self":0.029286,"total":0.029286,"children":null}}},"DecideAction":{"count":102,"self":0.001029,"total":0.001029,"children":null},"AgentAct":{"count":102,"self":0.018784,"total":0.018784,"children":null}}}