{"count":1,"self":186760.9014272,"total":211521.04635699998,"children":{"AgentSendState":{"count":10567683,"self":435.82167039999996,"total":908.37215789999993,"children":{"CollectObservations":{"count":21135366,"self":276.24284159999996,"total":276.2428534,"children":null},"CollectDiscreteActionMasks":{"count":21135366,"self":196.3076352,"total":196.3076391,"children":null}}},"DecideAction":{"count":10567683,"self":22155.822694399998,"total":23020.655313699997,"children":{"RayPerceptionSensor.Perceive":{"count":21135366,"self":864.8324096,"total":864.83241549999991,"children":null}}},"AgentAct":{"count":10567683,"self":831.12207359999991,"total":831.1220774,"children":null}},"gauges":{"BlueAgent.CumulativeReward":{"count":4892,"max":5.216588,"min":0.9997992,"runningAverage":4.5395627,"value":4.967698,"weightedAverage":4.04126358},"RedAgent.CumulativeReward":{"count":4853,"max":5.559774,"min":-0.433296263,"runningAverage":3.22971225,"value":3.039651,"weightedAverage":3.795937}},"metadata":{"timer_format_version":"0.1.0","start_time_seconds":"1597257413","unity_version":"2019.3.13f1","command_line_arguments":"C:\\Program Files\\Unity\\Hub\\Editor\\2019.3.13f1\\Editor\\Unity.exe -projectpath C:\/Users\/Training\/Desktop\/PAPIOnline -useHub -hubIPC -cloudEnvironment production -hubSessionId a38665a0-dcca-11ea-baa3-5bbeb6af2923","communication_protocol_version":"1.0.0","com.unity.ml-agents_version":"1.0.2-preview","scene_name":"PapiOnlineTest","end_time_seconds":"1597468934"}}